z_center,z_width,pt_center,pt_width,cos_center,cos_width,nsig,nsig_err,nsig_err2,bin_index
0.24,0.04,0.0625,0.0625,-0.9,0.1,134.0175,15.8283,15.8283,0
0.24,0.04,0.0625,0.0625,-0.7,0.1,422.5888,27.9465,27.9465,1
0.24,0.04,0.0625,0.0625,-0.5,0.1,568.878,32.2282,32.2282,2
0.24,0.04,0.0625,0.0625,-0.3,0.1,803.1492,37.1727,37.1727,3
0.24,0.04,0.0625,0.0625,-0.1,0.1,774.1586,37.4621,37.4621,4
0.24,0.04,0.0625,0.0625,0.1,0.1,668.2287,37.4639,37.4639,5
0.24,0.04,0.0625,0.0625,0.3,0.1,767.8389,37.0679,37.0679,6
0.24,0.04,0.0625,0.0625,0.5,0.1,643.1988,34.3464,34.3464,7
0.24,0.04,0.0625,0.0625,0.7,0.1,381.2564,26.395,26.395,8
0.24,0.04,0.0625,0.0625,0.9,0.1,124.4818,16.3778,16.3778,9
0.24,0.04,0.1875,0.0625,-0.9,0.1,416.2581,25.3968,25.3968,10
0.24,0.04,0.1875,0.0625,-0.7,0.1,980.1597,43.9682,43.9682,11
0.24,0.04,0.1875,0.0625,-0.5,0.1,1548.8556,52.9514,52.9514,12
0.24,0.04,0.1875,0.0625,-0.3,0.1,2061.5286,60.4354,60.4354,13
0.24,0.04,0.1875,0.0625,-0.1,0.1,2301.9834,62.3264,62.3264,14
0.24,0.04,0.1875,0.0625,0.1,0.1,2248.3379,63.8724,63.8724,15
0.24,0.04,0.1875,0.0625,0.3,0.1,1968.7176,60.2239,60.2239,16
0.24,0.04,0.1875,0.0625,0.5,0.1,1561.5621,53.4718,53.4718,17
0.24,0.04,0.1875,0.0625,0.7,0.1,866.2175,41.5275,41.5275,18
0.24,0.04,0.1875,0.0625,0.9,0.1,363.293,25.7652,25.7652,19
0.24,0.04,0.3125,0.0625,-0.9,0.1,440.6509,28.7264,28.7264,20
0.24,0.04,0.3125,0.0625,-0.7,0.1,1106.3988,46.8199,46.8199,21
0.24,0.04,0.3125,0.0625,-0.5,0.1,2165.6425,61.1862,61.1862,22
0.24,0.04,0.3125,0.0625,-0.3,0.1,2786.2315,69.6242,69.6242,23
0.24,0.04,0.3125,0.0625,-0.1,0.1,2957.349,71.9773,71.9773,24
0.24,0.04,0.3125,0.0625,0.1,0.1,2998.7012,73.0526,73.0526,25
0.24,0.04,0.3125,0.0625,0.3,0.1,2597.0156,68.1741,68.1741,26
0.24,0.04,0.3125,0.0625,0.5,0.1,2008.6975,60.8695,60.8695,27
0.24,0.04,0.3125,0.0625,0.7,0.1,1073.2765,46.3261,46.3261,28
0.24,0.04,0.3125,0.0625,0.9,0.1,485.2659,28.4005,28.4005,29
0.24,0.04,0.4375,0.0625,-0.9,0.1,345.7244,25.9117,25.9117,30
0.24,0.04,0.4375,0.0625,-0.7,0.1,930.4805,43.6523,43.6523,31
0.24,0.04,0.4375,0.0625,-0.5,0.1,2010.2763,60.46,60.46,32
0.24,0.04,0.4375,0.0625,-0.3,0.1,2480.4645,66.971,66.971,33
0.24,0.04,0.4375,0.0625,-0.1,0.1,3059.1354,72.3261,72.3261,34
0.24,0.04,0.4375,0.0625,0.1,0.1,2952.5546,71.1758,71.1758,35
0.24,0.04,0.4375,0.0625,0.3,0.1,2603.8022,67.2789,67.2789,36
0.24,0.04,0.4375,0.0625,0.5,0.1,1703.6325,57.2595,57.2595,37
0.24,0.04,0.4375,0.0625,0.7,0.1,970.636,44.7082,44.7082,38
0.24,0.04,0.4375,0.0625,0.9,0.1,258.7156,25.6558,25.6558,39
0.24,0.04,0.5806,0.0806,-0.9,0.1,241.2696,25.7197,25.7197,40
0.24,0.04,0.5806,0.0806,-0.7,0.1,965.2487,42.9208,42.9208,41
0.24,0.04,0.5806,0.0806,-0.5,0.1,1869.4984,58.0439,58.0439,42
0.24,0.04,0.5806,0.0806,-0.3,0.1,2744.4305,68.9442,68.9442,43
0.24,0.04,0.5806,0.0806,-0.1,0.1,3036.4036,72.8572,72.8572,44
0.24,0.04,0.5806,0.0806,0.1,0.1,3116.3269,72.6523,72.6523,45
0.24,0.04,0.5806,0.0806,0.3,0.1,2745.5882,68.9496,68.9496,46
0.24,0.04,0.5806,0.0806,0.5,0.1,1934.611,59.0404,59.0404,47
0.24,0.04,0.5806,0.0806,0.7,0.1,1020.7736,45.3336,45.3336,48
0.24,0.04,0.5806,0.0806,0.9,0.1,338.769,25.6288,25.6288,49
0.24,0.04,0.765,0.1038,-0.9,0.1,276.6445,23.3376,23.3376,50
0.24,0.04,0.765,0.1038,-0.7,0.1,852.9482,41.2992,41.2992,51
0.24,0.04,0.765,0.1038,-0.5,0.1,1873.7811,56.7447,56.7447,52
0.24,0.04,0.765,0.1038,-0.3,0.1,2606.7271,66.9424,66.9424,53
0.24,0.04,0.765,0.1038,-0.1,0.1,2837.9693,68.4025,68.4025,54
0.24,0.04,0.765,0.1038,0.1,0.1,2896.6728,69.1683,69.1683,55
0.24,0.04,0.765,0.1038,0.3,0.1,2647.1109,66.8581,66.8581,56
0.24,0.04,0.765,0.1038,0.5,0.1,1813.9116,56.3172,56.3172,57
0.24,0.04,0.765,0.1038,0.7,0.1,873.5162,41.6152,41.6152,58
0.24,0.04,0.765,0.1038,0.9,0.1,266.2314,23.0476,23.0476,59
0.24,0.04,1.0027,0.1339,-0.9,0.1,174.0921,16.7577,16.7577,60
0.24,0.04,1.0027,0.1339,-0.7,0.1,401.5581,27.1737,27.1737,61
0.24,0.04,1.0027,0.1339,-0.5,0.1,626.178,33.0054,33.0054,62
0.24,0.04,1.0027,0.1339,-0.3,0.1,821.4487,37.2399,37.2399,63
0.24,0.04,1.0027,0.1339,-0.1,0.1,1043.7233,40.5285,40.5285,64
0.24,0.04,1.0027,0.1339,0.1,0.1,917.9605,39.0981,39.0981,65
0.24,0.04,1.0027,0.1339,0.3,0.1,868.8096,37.931,37.931,66
0.24,0.04,1.0027,0.1339,0.5,0.1,762.416,35.0559,35.0559,67
0.24,0.04,1.0027,0.1339,0.7,0.1,489.7785,28.7782,28.7782,68
0.24,0.04,1.0027,0.1339,0.9,0.1,124.9988,16.955,16.955,69
0.32,0.04,0.0625,0.0625,-0.9,0.1,2936.7178,70.2203,70.2203,100
0.32,0.04,0.0625,0.0625,-0.7,0.1,3244.2106,74.288,74.288,101
0.32,0.04,0.0625,0.0625,-0.5,0.1,3373.7377,76.306,76.306,102
0.32,0.04,0.0625,0.0625,-0.3,0.1,3704.6854,78.9003,78.9003,103
0.32,0.04,0.0625,0.0625,-0.1,0.1,3603.8962,78.2806,78.2806,104
0.32,0.04,0.0625,0.0625,0.1,0.1,3668.4536,78.7657,78.7657,105
0.32,0.04,0.0625,0.0625,0.3,0.1,3524.4321,78.4421,78.4421,106
0.32,0.04,0.0625,0.0625,0.5,0.1,3516.3013,76.6142,76.6142,107
0.32,0.04,0.0625,0.0625,0.7,0.1,3063.8617,72.3821,72.3821,108
0.32,0.04,0.0625,0.0625,0.9,0.1,2637.9951,69.1734,69.1734,109
0.32,0.04,0.1875,0.0625,-0.9,0.1,7484.9155,114.3824,114.3824,110
0.32,0.04,0.1875,0.0625,-0.7,0.1,8481.7537,120.1344,120.1344,111
0.32,0.04,0.1875,0.0625,-0.5,0.1,9168.4445,124.8041,124.8041,112
0.32,0.04,0.1875,0.0625,-0.3,0.1,9781.3585,128.5613,128.5613,113
0.32,0.04,0.1875,0.0625,-0.1,0.1,10002.5755,129.9504,129.9504,114
0.32,0.04,0.1875,0.0625,0.1,0.1,9670.4136,128.5365,128.5365,115
0.32,0.04,0.1875,0.0625,0.3,0.1,9597.6644,127.2873,127.2873,116
0.32,0.04,0.1875,0.0625,0.5,0.1,9031.7933,123.8333,123.8333,117
0.32,0.04,0.1875,0.0625,0.7,0.1,7951.1683,116.9508,116.9508,118
0.32,0.04,0.1875,0.0625,0.9,0.1,7533.544,112.9091,112.9091,119
0.32,0.04,0.3125,0.0625,-0.9,0.1,8677.4816,124.876,124.876,120
0.32,0.04,0.3125,0.0625,-0.7,0.1,10147.3905,133.4364,133.4364,121
0.32,0.04,0.3125,0.0625,-0.5,0.1,11818.2381,141.3791,141.3791,122
0.32,0.04,0.3125,0.0625,-0.3,0.1,12943.3593,147.3073,147.3073,123
0.32,0.04,0.3125,0.0625,-0.1,0.1,13422.3583,149.1361,149.1361,124
0.32,0.04,0.3125,0.0625,0.1,0.1,13544.5641,150.4074,150.4074,125
0.32,0.04,0.3125,0.0625,0.3,0.1,12763.7615,145.9463,145.9463,126
0.32,0.04,0.3125,0.0625,0.5,0.1,11673.064,140.6772,140.6772,127
0.32,0.04,0.3125,0.0625,0.7,0.1,10397.0675,133.545,133.545,128
0.32,0.04,0.3125,0.0625,0.9,0.1,8883.9942,125.087,125.087,129
0.32,0.04,0.4375,0.0625,-0.9,0.1,7832.5795,119.0989,119.0989,130
0.32,0.04,0.4375,0.0625,-0.7,0.1,9961.9549,130.9391,130.9391,131
0.32,0.04,0.4375,0.0625,-0.5,0.1,11546.8097,140.2788,140.2788,132
0.32,0.04,0.4375,0.0625,-0.3,0.1,13075.5445,147.9522,147.9522,133
0.32,0.04,0.4375,0.0625,-0.1,0.1,13550.4715,150.3178,150.3178,134
0.32,0.04,0.4375,0.0625,0.1,0.1,13611.1612,150.5099,150.5099,135
0.32,0.04,0.4375,0.0625,0.3,0.1,13008.5812,146.9521,146.9521,136
0.32,0.04,0.4375,0.0625,0.5,0.1,11081.3223,138.3147,138.3147,137
0.32,0.04,0.4375,0.0625,0.7,0.1,9903.4354,130.452,130.452,138
0.32,0.04,0.4375,0.0625,0.9,0.1,7758.739,118.2545,118.2545,139
0.32,0.04,0.5806,0.0806,-0.9,0.1,7156.8875,114.5157,114.5157,140
0.32,0.04,0.5806,0.0806,-0.7,0.1,9064.6604,126.7768,126.7768,141
0.32,0.04,0.5806,0.0806,-0.5,0.1,11078.6115,137.6864,137.6864,142
0.32,0.04,0.5806,0.0806,-0.3,0.1,12570.6943,145.3501,145.3501,143
0.32,0.04,0.5806,0.0806,-0.1,0.1,13311.1438,150.0578,150.0578,144
0.32,0.04,0.5806,0.0806,0.1,0.1,13317.2892,149.9672,149.9672,145
0.32,0.04,0.5806,0.0806,0.3,0.1,12604.4543,146.3792,146.3792,146
0.32,0.04,0.5806,0.0806,0.5,0.1,11320.8247,139.4314,139.4314,147
0.32,0.04,0.5806,0.0806,0.7,0.1,9263.6942,127.7776,127.7776,148
0.32,0.04,0.5806,0.0806,0.9,0.1,7095.4802,113.6793,113.6793,149
0.32,0.04,0.765,0.1038,-0.9,0.1,5424.718,100.851,100.851,150
0.32,0.04,0.765,0.1038,-0.7,0.1,6908.4,110.3125,110.3125,151
0.32,0.04,0.765,0.1038,-0.5,0.1,8279.1565,120.4536,120.4536,152
0.32,0.04,0.765,0.1038,-0.3,0.1,9167.0652,125.9268,125.9268,153
0.32,0.04,0.765,0.1038,-0.1,0.1,9834.8362,130.0751,130.0751,154
0.32,0.04,0.765,0.1038,0.1,0.1,9862.0365,129.0,129.0,155
0.32,0.04,0.765,0.1038,0.3,0.1,9441.6428,126.9201,126.9201,156
0.32,0.04,0.765,0.1038,0.5,0.1,7825.0271,118.931,118.931,157
0.32,0.04,0.765,0.1038,0.7,0.1,6305.3244,107.6245,107.6245,158
0.32,0.04,0.765,0.1038,0.9,0.1,5260.5908,98.7829,98.7829,159
0.32,0.04,1.0027,0.1339,-0.9,0.1,3164.4761,76.8704,76.8704,160
0.32,0.04,1.0027,0.1339,-0.7,0.1,4152.3513,85.6695,85.6695,161
0.32,0.04,1.0027,0.1339,-0.5,0.1,4961.8059,93.0564,93.0564,162
0.32,0.04,1.0027,0.1339,-0.3,0.1,6013.1945,101.2176,101.2176,163
0.32,0.04,1.0027,0.1339,-0.1,0.1,6615.4823,104.7733,104.7733,164
0.32,0.04,1.0027,0.1339,0.1,0.1,6423.3063,103.6435,103.6435,165
0.32,0.04,1.0027,0.1339,0.3,0.1,5760.3286,99.0077,99.0077,166
0.32,0.04,1.0027,0.1339,0.5,0.1,5334.1307,94.8875,94.8875,167
0.32,0.04,1.0027,0.1339,0.7,0.1,4379.64,87.5607,87.5607,168
0.32,0.04,1.0027,0.1339,0.9,0.1,3526.6003,79.066,79.066,169
0.32,0.04,1.3092,0.1725,-0.9,0.1,1315.982,48.1392,48.1392,170
0.32,0.04,1.3092,0.1725,-0.7,0.1,1755.7687,53.686,53.686,171
0.32,0.04,1.3092,0.1725,-0.5,0.1,1913.0122,56.6529,56.6529,172
0.32,0.04,1.3092,0.1725,-0.3,0.1,2228.1582,60.6298,60.6298,173
0.32,0.04,1.3092,0.1725,-0.1,0.1,2310.01,61.4737,61.4737,174
0.32,0.04,1.3092,0.1725,0.1,0.1,2370.6649,62.9646,62.9646,175
0.32,0.04,1.3092,0.1725,0.3,0.1,2241.6685,61.5924,61.5924,176
0.32,0.04,1.3092,0.1725,0.5,0.1,2026.3948,58.3262,58.3262,177
0.32,0.04,1.3092,0.1725,0.7,0.1,1658.3297,53.2317,53.2317,178
0.32,0.04,1.3092,0.1725,0.9,0.1,1561.9819,51.3983,51.3983,179
0.4,0.04,0.0625,0.0625,-0.9,0.1,3454.891,75.6629,75.6629,200
0.4,0.04,0.0625,0.0625,-0.7,0.1,3257.7243,74.956,74.956,201
0.4,0.04,0.0625,0.0625,-0.5,0.1,3174.543,74.0945,74.0945,202
0.4,0.04,0.0625,0.0625,-0.3,0.1,3027.1187,72.9787,72.9787,203
0.4,0.04,0.0625,0.0625,-0.1,0.1,3281.3362,75.0899,75.0899,204
0.4,0.04,0.0625,0.0625,0.1,0.1,3038.8228,72.3678,72.3678,205
0.4,0.04,0.0625,0.0625,0.3,0.1,3236.4645,75.3818,75.3818,206
0.4,0.04,0.0625,0.0625,0.5,0.1,3041.8942,73.0078,73.0078,207
0.4,0.04,0.0625,0.0625,0.7,0.1,3439.9447,75.6816,75.6816,208
0.4,0.04,0.0625,0.0625,0.9,0.1,3364.4837,74.5201,74.5201,209
0.4,0.04,0.1875,0.0625,-0.9,0.1,8970.379,122.3975,122.3975,210
0.4,0.04,0.1875,0.0625,-0.7,0.1,8789.2853,121.9058,121.9058,211
0.4,0.04,0.1875,0.0625,-0.5,0.1,8587.1816,121.532,121.532,212
0.4,0.04,0.1875,0.0625,-0.3,0.1,8264.3307,119.8713,119.8713,213
0.4,0.04,0.1875,0.0625,-0.1,0.1,8397.528,121.1039,121.1039,214
0.4,0.04,0.1875,0.0625,0.1,0.1,8730.2167,122.5956,122.5956,215
0.4,0.04,0.1875,0.0625,0.3,0.1,8481.7121,120.8637,120.8637,216
0.4,0.04,0.1875,0.0625,0.5,0.1,8743.8262,121.5121,121.5121,217
0.4,0.04,0.1875,0.0625,0.7,0.1,8772.8709,121.4753,121.4753,218
0.4,0.04,0.1875,0.0625,0.9,0.1,8847.6875,120.9511,120.9511,219
0.4,0.04,0.3125,0.0625,-0.9,0.1,12003.3592,141.808,141.808,220
0.4,0.04,0.3125,0.0625,-0.7,0.1,11611.1537,140.5977,140.5977,221
0.4,0.04,0.3125,0.0625,-0.5,0.1,11679.5298,141.8863,141.8863,222
0.4,0.04,0.3125,0.0625,-0.3,0.1,11713.5369,141.1956,141.1956,223
0.4,0.04,0.3125,0.0625,-0.1,0.1,11061.1527,139.2144,139.2144,224
0.4,0.04,0.3125,0.0625,0.1,0.1,11677.5691,141.3817,141.3817,225
0.4,0.04,0.3125,0.0625,0.3,0.1,11741.1867,141.6657,141.6657,226
0.4,0.04,0.3125,0.0625,0.5,0.1,11590.413,139.931,139.931,227
0.4,0.04,0.3125,0.0625,0.7,0.1,11557.2155,139.4223,139.4223,228
0.4,0.04,0.3125,0.0625,0.9,0.1,11518.5362,139.4069,139.4069,229
0.4,0.04,0.4375,0.0625,-0.9,0.1,11767.3372,139.5108,139.5108,230
0.4,0.04,0.4375,0.0625,-0.7,0.1,11598.1194,140.7171,140.7171,231
0.4,0.04,0.4375,0.0625,-0.5,0.1,11864.1366,142.2754,142.2754,232
0.4,0.04,0.4375,0.0625,-0.3,0.1,11974.8433,143.2869,143.2869,233
0.4,0.04,0.4375,0.0625,-0.1,0.1,12270.8766,144.9807,144.9807,234
0.4,0.04,0.4375,0.0625,0.1,0.1,12013.9283,142.9572,142.9572,235
0.4,0.04,0.4375,0.0625,0.3,0.1,12049.3607,143.2348,143.2348,236
0.4,0.04,0.4375,0.0625,0.5,0.1,12145.5023,142.6686,142.6686,237
0.4,0.04,0.4375,0.0625,0.7,0.1,11768.8049,140.5541,140.5541,238
0.4,0.04,0.4375,0.0625,0.9,0.1,10886.4778,136.1964,136.1964,239
0.4,0.04,0.5806,0.0806,-0.9,0.1,11374.8637,139.7192,139.7192,240
0.4,0.04,0.5806,0.0806,-0.7,0.1,11995.9008,142.9845,142.9845,241
0.4,0.04,0.5806,0.0806,-0.5,0.1,12795.9998,145.8828,145.8828,242
0.4,0.04,0.5806,0.0806,-0.3,0.1,12770.5838,148.0397,148.0397,243
0.4,0.04,0.5806,0.0806,-0.1,0.1,12755.0262,146.7456,146.7456,244
0.4,0.04,0.5806,0.0806,0.1,0.1,12324.0135,145.7459,145.7459,245
0.4,0.04,0.5806,0.0806,0.3,0.1,12102.0015,144.3691,144.3691,246
0.4,0.04,0.5806,0.0806,0.5,0.1,12089.6828,143.6301,143.6301,247
0.4,0.04,0.5806,0.0806,0.7,0.1,11825.8395,141.4363,141.4363,248
0.4,0.04,0.5806,0.0806,0.9,0.1,11354.8365,137.7782,137.7782,249
0.4,0.04,0.765,0.1038,-0.9,0.1,8382.6927,121.4304,121.4304,250
0.4,0.04,0.765,0.1038,-0.7,0.1,8741.2022,122.8988,122.8988,251
0.4,0.04,0.765,0.1038,-0.5,0.1,8780.2105,123.5929,123.5929,252
0.4,0.04,0.765,0.1038,-0.3,0.1,9305.4686,126.489,126.489,253
0.4,0.04,0.765,0.1038,-0.1,0.1,9283.7024,126.4953,126.4953,254
0.4,0.04,0.765,0.1038,0.1,0.1,9202.8982,125.7019,125.7019,255
0.4,0.04,0.765,0.1038,0.3,0.1,9283.391,125.995,125.995,256
0.4,0.04,0.765,0.1038,0.5,0.1,9001.6637,123.7655,123.7655,257
0.4,0.04,0.765,0.1038,0.7,0.1,8440.4544,121.1113,121.1113,258
0.4,0.04,0.765,0.1038,0.9,0.1,8353.7251,119.2621,119.2621,259
0.4,0.04,1.0027,0.1339,-0.9,0.1,4712.8637,90.3576,90.3576,260
0.4,0.04,1.0027,0.1339,-0.7,0.1,4506.7505,89.5468,89.5468,261
0.4,0.04,1.0027,0.1339,-0.5,0.1,4778.0171,90.9934,90.9934,262
0.4,0.04,1.0027,0.1339,-0.3,0.1,4790.0554,90.8935,90.8935,263
0.4,0.04,1.0027,0.1339,-0.1,0.1,4430.668,89.6233,89.6233,264
0.4,0.04,1.0027,0.1339,0.1,0.1,4532.6845,89.8701,89.8701,265
0.4,0.04,1.0027,0.1339,0.3,0.1,4550.0965,89.6271,89.6271,266
0.4,0.04,1.0027,0.1339,0.5,0.1,4775.3841,90.5497,90.5497,267
0.4,0.04,1.0027,0.1339,0.7,0.1,4668.4366,89.9748,89.9748,268
0.4,0.04,1.0027,0.1339,0.9,0.1,4534.6032,88.464,88.464,269
0.4,0.04,1.3092,0.1725,-0.9,0.1,2061.9363,59.5508,59.5508,270
0.4,0.04,1.3092,0.1725,-0.7,0.1,2339.1038,62.7716,62.7716,271
0.4,0.04,1.3092,0.1725,-0.5,0.1,2239.3828,62.3372,62.3372,272
0.4,0.04,1.3092,0.1725,-0.3,0.1,2332.3605,61.7071,61.7071,273
0.4,0.04,1.3092,0.1725,-0.1,0.1,2358.781,63.2077,63.2077,274
0.4,0.04,1.3092,0.1725,0.1,0.1,2289.7091,63.3648,63.3648,275
0.4,0.04,1.3092,0.1725,0.3,0.1,2473.5092,64.0294,64.0294,276
0.4,0.04,1.3092,0.1725,0.5,0.1,2284.6314,62.3644,62.3644,277
0.4,0.04,1.3092,0.1725,0.7,0.1,2226.0718,61.3604,61.3604,278
0.4,0.04,1.3092,0.1725,0.9,0.1,2126.2322,59.5795,59.5795,279
0.4,0.04,1.7041,0.2224,-0.9,0.1,701.005,34.4847,34.4847,280
0.4,0.04,1.7041,0.2224,-0.7,0.1,699.7348,34.5318,34.5318,281
0.4,0.04,1.7041,0.2224,-0.5,0.1,855.3284,36.0648,36.0648,282
0.4,0.04,1.7041,0.2224,-0.3,0.1,812.1656,36.3934,36.3934,283
0.4,0.04,1.7041,0.2224,-0.1,0.1,844.9445,35.458,35.458,284
0.4,0.04,1.7041,0.2224,0.1,0.1,815.505,36.8634,36.8634,285
0.4,0.04,1.7041,0.2224,0.3,0.1,776.9866,36.3342,36.3342,286
0.4,0.04,1.7041,0.2224,0.5,0.1,805.1105,36.1846,36.1846,287
0.4,0.04,1.7041,0.2224,0.7,0.1,706.0397,34.2495,34.2495,288
0.4,0.04,1.7041,0.2224,0.9,0.1,685.8084,34.5215,34.5215,289
0.48,0.04,0.0625,0.0625,-0.9,0.1,2308.8259,60.7163,60.7163,300
0.48,0.04,0.0625,0.0625,-0.7,0.1,2091.565,60.0219,60.0219,301
0.48,0.04,0.0625,0.0625,-0.5,0.1,1990.9635,58.9416,58.9416,302
0.48,0.04,0.0625,0.0625,-0.3,0.1,2006.569,59.1615,59.1615,303
0.48,0.04,0.0625,0.0625,-0.1,0.1,1997.4572,58.9905,58.9905,304
0.48,0.04,0.0625,0.0625,0.1,0.1,1892.2252,57.8829,57.8829,305
0.48,0.04,0.0625,0.0625,0.3,0.1,2055.3675,57.888,57.888,306
0.48,0.04,0.0625,0.0625,0.5,0.1,2011.6604,58.3258,58.3258,307
0.48,0.04,0.0625,0.0625,0.7,0.1,2013.6276,58.1738,58.1738,308
0.48,0.04,0.0625,0.0625,0.9,0.1,2242.2353,60.7632,60.7632,309
0.48,0.04,0.1875,0.0625,-0.9,0.1,6187.1746,100.3469,100.3469,310
0.48,0.04,0.1875,0.0625,-0.7,0.1,5669.6079,97.4114,97.4114,311
0.48,0.04,0.1875,0.0625,-0.5,0.1,5511.809,96.9231,96.9231,312
0.48,0.04,0.1875,0.0625,-0.3,0.1,5392.8603,95.0586,95.0586,313
0.48,0.04,0.1875,0.0625,-0.1,0.1,5058.6891,94.5034,94.5034,314
0.48,0.04,0.1875,0.0625,0.1,0.1,4875.6244,93.056,93.056,315
0.48,0.04,0.1875,0.0625,0.3,0.1,5155.1863,94.6708,94.6708,316
0.48,0.04,0.1875,0.0625,0.5,0.1,5389.621,95.4401,95.4401,317
0.48,0.04,0.1875,0.0625,0.7,0.1,5798.5604,98.892,98.892,318
0.48,0.04,0.1875,0.0625,0.9,0.1,6161.1629,100.48,100.48,319
0.48,0.04,0.3125,0.0625,-0.9,0.1,8383.781,117.239,117.239,320
0.48,0.04,0.3125,0.0625,-0.7,0.1,8128.5607,115.556,115.556,321
0.48,0.04,0.3125,0.0625,-0.5,0.1,7781.6542,114.1081,114.1081,322
0.48,0.04,0.3125,0.0625,-0.3,0.1,7098.866,110.9839,110.9839,323
0.48,0.04,0.3125,0.0625,-0.1,0.1,7307.6704,111.9593,111.9593,324
0.48,0.04,0.3125,0.0625,0.1,0.1,7099.0827,110.2115,110.2115,325
0.48,0.04,0.3125,0.0625,0.3,0.1,7150.3771,111.3399,111.3399,326
0.48,0.04,0.3125,0.0625,0.5,0.1,7486.2063,112.5033,112.5033,327
0.48,0.04,0.3125,0.0625,0.7,0.1,7918.9654,114.4913,114.4913,328
0.48,0.04,0.3125,0.0625,0.9,0.1,8525.6638,117.6724,117.6724,329
0.48,0.04,0.4375,0.0625,-0.9,0.1,8372.7137,117.3626,117.3626,330
0.48,0.04,0.4375,0.0625,-0.7,0.1,8128.368,116.96,116.96,331
0.48,0.04,0.4375,0.0625,-0.5,0.1,7604.8043,114.294,114.294,332
0.48,0.04,0.4375,0.0625,-0.3,0.1,7545.5792,112.7103,112.7103,333
0.48,0.04,0.4375,0.0625,-0.1,0.1,7381.5672,112.2957,112.2957,334
0.48,0.04,0.4375,0.0625,0.1,0.1,7511.537,112.9991,112.9991,335
0.48,0.04,0.4375,0.0625,0.3,0.1,7483.1663,112.6295,112.6295,336
0.48,0.04,0.4375,0.0625,0.5,0.1,7748.3489,114.396,114.396,337
0.48,0.04,0.4375,0.0625,0.7,0.1,7911.8096,114.5201,114.5201,338
0.48,0.04,0.4375,0.0625,0.9,0.1,8919.198,119.8555,119.8555,339
0.48,0.04,0.5806,0.0806,-0.9,0.1,9450.9693,123.8961,123.8961,340
0.48,0.04,0.5806,0.0806,-0.7,0.1,8444.1034,119.5084,119.5084,341
0.48,0.04,0.5806,0.0806,-0.5,0.1,8349.8914,119.1098,119.1098,342
0.48,0.04,0.5806,0.0806,-0.3,0.1,8101.6024,117.4318,117.4318,343
0.48,0.04,0.5806,0.0806,-0.1,0.1,7978.8602,116.6517,116.6517,344
0.48,0.04,0.5806,0.0806,0.1,0.1,7779.4388,115.9561,115.9561,345
0.48,0.04,0.5806,0.0806,0.3,0.1,8019.2749,117.4004,117.4004,346
0.48,0.04,0.5806,0.0806,0.5,0.1,8388.1344,118.4958,118.4958,347
0.48,0.04,0.5806,0.0806,0.7,0.1,8794.2338,120.5291,120.5291,348
0.48,0.04,0.5806,0.0806,0.9,0.1,9361.4994,123.6828,123.6828,349
0.48,0.04,0.765,0.1038,-0.9,0.1,7454.8814,110.0207,110.0207,350
0.48,0.04,0.765,0.1038,-0.7,0.1,6913.5618,108.0937,108.0937,351
0.48,0.04,0.765,0.1038,-0.5,0.1,6347.1635,104.4792,104.4792,352
0.48,0.04,0.765,0.1038,-0.3,0.1,6322.7607,104.3999,104.3999,353
0.48,0.04,0.765,0.1038,-0.1,0.1,6149.9037,103.2535,103.2535,354
0.48,0.04,0.765,0.1038,0.1,0.1,6120.8731,103.3332,103.3332,355
0.48,0.04,0.765,0.1038,0.3,0.1,6253.871,103.8464,103.8464,356
0.48,0.04,0.765,0.1038,0.5,0.1,6474.8119,105.3997,105.3997,357
0.48,0.04,0.765,0.1038,0.7,0.1,6914.3634,107.533,107.533,358
0.48,0.04,0.765,0.1038,0.9,0.1,7173.3815,108.5694,108.5694,359
0.48,0.04,1.0027,0.1339,-0.9,0.1,4125.4662,82.2636,82.2636,360
0.48,0.04,1.0027,0.1339,-0.7,0.1,3514.2407,77.3454,77.3454,361
0.48,0.04,1.0027,0.1339,-0.5,0.1,3252.3703,75.0326,75.0326,362
0.48,0.04,1.0027,0.1339,-0.3,0.1,2807.3253,72.2263,72.2263,363
0.48,0.04,1.0027,0.1339,-0.1,0.1,2999.9066,73.4494,73.4494,364
0.48,0.04,1.0027,0.1339,0.1,0.1,2983.3557,72.5169,72.5169,365
0.48,0.04,1.0027,0.1339,0.3,0.1,2916.6985,73.3042,73.3042,366
0.48,0.04,1.0027,0.1339,0.5,0.1,3267.4384,75.0119,75.0119,367
0.48,0.04,1.0027,0.1339,0.7,0.1,3486.1108,77.3297,77.3297,368
0.48,0.04,1.0027,0.1339,0.9,0.1,3883.5289,80.2191,80.2191,369
0.48,0.04,1.3092,0.1725,-0.9,0.1,1541.1743,50.2191,50.2191,370
0.48,0.04,1.3092,0.1725,-0.7,0.1,1425.1185,49.4404,49.4404,371
0.48,0.04,1.3092,0.1725,-0.5,0.1,1293.186,47.0586,47.0586,372
0.48,0.04,1.3092,0.1725,-0.3,0.1,1187.9577,45.5756,45.5756,373
0.48,0.04,1.3092,0.1725,-0.1,0.1,1221.4357,46.5451,46.5451,374
0.48,0.04,1.3092,0.1725,0.1,0.1,1258.6004,46.5886,46.5886,375
0.48,0.04,1.3092,0.1725,0.3,0.1,1150.7277,46.2665,46.2665,376
0.48,0.04,1.3092,0.1725,0.5,0.1,1416.4227,49.7082,49.7082,377
0.48,0.04,1.3092,0.1725,0.7,0.1,1290.5364,46.9389,46.9389,378
0.48,0.04,1.3092,0.1725,0.9,0.1,1583.6207,50.9499,50.9499,379
0.48,0.04,1.7041,0.2224,-0.9,0.1,597.2849,31.4537,31.4537,380
0.48,0.04,1.7041,0.2224,-0.7,0.1,598.2024,30.7695,30.7695,381
0.48,0.04,1.7041,0.2224,-0.5,0.1,574.0539,30.4823,30.4823,382
0.48,0.04,1.7041,0.2224,-0.3,0.1,585.9691,30.9404,30.9404,383
0.48,0.04,1.7041,0.2224,-0.1,0.1,565.642,29.5438,29.5438,384
0.48,0.04,1.7041,0.2224,0.1,0.1,515.3987,30.511,30.511,385
0.48,0.04,1.7041,0.2224,0.3,0.1,438.4438,28.3881,28.3881,386
0.48,0.04,1.7041,0.2224,0.5,0.1,546.6816,29.8231,29.8231,387
0.48,0.04,1.7041,0.2224,0.7,0.1,577.0214,30.8663,30.8663,388
0.48,0.04,1.7041,0.2224,0.9,0.1,641.8862,32.8876,32.8876,389
0.56,0.04,0.0625,0.0625,-0.9,0.1,1444.4729,47.3985,47.3985,400
0.56,0.04,0.0625,0.0625,-0.7,0.1,1243.5235,45.0022,45.0022,401
0.56,0.04,0.0625,0.0625,-0.5,0.1,1040.6974,42.3799,42.3799,402
0.56,0.04,0.0625,0.0625,-0.3,0.1,973.396,41.013,41.013,403
0.56,0.04,0.0625,0.0625,-0.1,0.1,966.1002,40.8246,40.8246,404
0.56,0.04,0.0625,0.0625,0.1,0.1,1027.6962,42.4344,42.4344,405
0.56,0.04,0.0625,0.0625,0.3,0.1,1060.6422,43.2561,43.2561,406
0.56,0.04,0.0625,0.0625,0.5,0.1,1043.7695,42.6422,42.6422,407
0.56,0.04,0.0625,0.0625,0.7,0.1,1221.3202,44.537,44.537,408
0.56,0.04,0.0625,0.0625,0.9,0.1,1411.8208,47.1954,47.1954,409
0.56,0.04,0.1875,0.0625,-0.9,0.1,3597.4032,76.4319,76.4319,410
0.56,0.04,0.1875,0.0625,-0.7,0.1,3253.0373,72.5983,72.5983,411
0.56,0.04,0.1875,0.0625,-0.3,0.1,2770.3809,69.2357,69.2357,413
0.56,0.04,0.1875,0.0625,-0.1,0.1,2406.9292,65.6382,65.6382,414
0.56,0.04,0.1875,0.0625,0.1,0.1,2516.1176,66.4866,66.4866,415
0.56,0.04,0.1875,0.0625,0.3,0.1,2746.2785,69.2168,69.2168,416
0.56,0.04,0.1875,0.0625,0.5,0.1,3082.4981,71.8582,71.8582,417
0.56,0.04,0.1875,0.0625,0.7,0.1,3340.4574,74.6781,74.6781,418
0.56,0.04,0.1875,0.0625,0.9,0.1,3878.8909,78.2022,78.2022,419
0.56,0.04,0.3125,0.0625,-0.9,0.1,5438.2297,92.3095,92.3095,420
0.56,0.04,0.3125,0.0625,-0.5,0.1,3999.6124,82.9618,82.9618,422
0.56,0.04,0.3125,0.0625,-0.3,0.1,3810.6187,81.5095,81.5095,423
0.56,0.04,0.3125,0.0625,-0.1,0.1,3582.9002,79.1004,79.1004,424
0.56,0.04,0.3125,0.0625,0.1,0.1,3522.7665,79.1126,79.1126,425
0.56,0.04,0.3125,0.0625,0.3,0.1,3757.1168,80.6058,80.6058,426
0.56,0.04,0.3125,0.0625,0.5,0.1,4121.6392,83.064,83.064,427
0.56,0.04,0.3125,0.0625,0.7,0.1,4417.718,85.6051,85.6051,428
0.56,0.04,0.3125,0.0625,0.9,0.1,5121.2824,90.9049,90.9049,429
0.56,0.04,0.4375,0.0625,-0.9,0.1,5563.7685,94.3906,94.3906,430
0.56,0.04,0.4375,0.0625,-0.7,0.1,4945.4959,89.1522,89.1522,431
0.56,0.04,0.4375,0.0625,-0.5,0.1,4505.9243,86.5273,86.5273,432
0.56,0.04,0.4375,0.0625,-0.3,0.1,3851.6615,81.2256,81.2256,433
0.56,0.04,0.4375,0.0625,-0.1,0.1,3594.865,79.2075,79.2075,434
0.56,0.04,0.4375,0.0625,0.1,0.1,3783.2836,80.791,80.791,435
0.56,0.04,0.4375,0.0625,0.3,0.1,3772.0634,80.8582,80.8582,436
0.56,0.04,0.4375,0.0625,0.7,0.1,4872.0413,89.6663,89.6663,438
0.56,0.04,0.4375,0.0625,0.9,0.1,5539.5823,93.8263,93.8263,439
0.56,0.04,0.5806,0.0806,-0.9,0.1,6453.9759,100.7466,100.7466,440
0.56,0.04,0.5806,0.0806,-0.7,0.1,5153.9173,92.6546,92.6546,441
0.56,0.04,0.5806,0.0806,-0.5,0.1,4732.6336,88.7912,88.7912,442
0.56,0.04,0.5806,0.0806,-0.3,0.1,4359.0081,86.1984,86.1984,443
0.56,0.04,0.5806,0.0806,-0.1,0.1,3829.2194,82.3381,82.3381,444
0.56,0.04,0.5806,0.0806,0.1,0.1,3949.0572,83.3327,83.3327,445
0.56,0.04,0.5806,0.0806,0.3,0.1,4403.061,86.2372,86.2372,446
0.56,0.04,0.5806,0.0806,0.5,0.1,4754.2473,89.2657,89.2657,447
0.56,0.04,0.5806,0.0806,0.7,0.1,5097.6807,91.9753,91.9753,448
0.56,0.04,0.5806,0.0806,0.9,0.1,6271.9738,99.9366,99.9366,449
0.56,0.04,0.765,0.1038,-0.9,0.1,5390.3084,91.4399,91.4399,450
0.56,0.04,0.765,0.1038,-0.7,0.1,4487.5462,86.0248,86.0248,451
0.56,0.04,0.765,0.1038,-0.5,0.1,3763.2409,79.7767,79.7767,452
0.56,0.04,0.765,0.1038,-0.3,0.1,3582.8592,77.3021,77.3021,453
0.56,0.04,0.765,0.1038,-0.1,0.1,3144.5831,74.6326,74.6326,454
0.56,0.04,0.765,0.1038,0.1,0.1,3433.3173,76.0808,76.0808,455
0.56,0.04,0.765,0.1038,0.3,0.1,3487.0351,77.1715,77.1715,456
0.56,0.04,0.765,0.1038,0.5,0.1,3869.3115,80.7596,80.7596,457
0.56,0.04,0.765,0.1038,0.7,0.1,4449.3732,84.5821,84.5821,458
0.56,0.04,0.765,0.1038,0.9,0.1,5392.6706,91.8428,91.8428,459
0.56,0.04,1.0027,0.1339,-0.9,0.1,2818.4169,66.1239,66.1239,460
0.56,0.04,1.0027,0.1339,-0.7,0.1,2479.8759,62.0833,62.0833,461
0.56,0.04,1.0027,0.1339,-0.5,0.1,2028.6465,58.4418,58.4418,462
0.56,0.04,1.0027,0.1339,-0.3,0.1,1695.9643,55.0525,55.0525,463
0.56,0.04,1.0027,0.1339,-0.1,0.1,1654.7829,53.8214,53.8214,464
0.56,0.04,1.0027,0.1339,0.1,0.1,1791.0109,55.4447,55.4447,465
0.56,0.04,1.0027,0.1339,0.3,0.1,1773.6783,56.0841,56.0841,466
0.56,0.04,1.0027,0.1339,0.5,0.1,1825.8199,56.4469,56.4469,467
0.56,0.04,1.0027,0.1339,0.7,0.1,2445.4391,62.7652,62.7652,468
0.56,0.04,1.0027,0.1339,0.9,0.1,2971.9738,68.1025,68.1025,469
0.56,0.04,1.3092,0.1725,-0.9,0.1,1160.1199,41.7486,41.7486,470
0.56,0.04,1.3092,0.1725,-0.7,0.1,814.5875,36.3842,36.3842,471
0.56,0.04,1.3092,0.1725,-0.5,0.1,707.049,35.2617,35.2617,472
0.56,0.04,1.3092,0.1725,-0.3,0.1,739.0542,35.9619,35.9619,473
0.56,0.04,1.3092,0.1725,-0.1,0.1,657.3587,33.6234,33.6234,474
0.56,0.04,1.3092,0.1725,0.3,0.1,752.634,35.6204,35.6204,476
0.56,0.04,1.3092,0.1725,0.5,0.1,715.0596,34.8998,34.8998,477
0.56,0.04,1.3092,0.1725,0.9,0.1,986.6341,39.9358,39.9358,479
0.56,0.04,1.7041,0.2224,-0.9,0.1,344.0916,22.4275,22.4275,480
0.56,0.04,1.7041,0.2224,-0.7,0.1,304.5547,22.4548,22.4548,481
0.56,0.04,1.7041,0.2224,-0.5,0.1,274.9666,20.7858,20.7858,482
0.56,0.04,1.7041,0.2224,-0.3,0.1,256.3423,20.316,20.316,483
0.56,0.04,1.7041,0.2224,0.1,0.1,251.7267,19.8726,19.8726,485
0.56,0.04,1.7041,0.2224,0.3,0.1,170.8568,18.4049,18.4049,486
0.56,0.04,1.7041,0.2224,0.5,0.1,240.7019,20.5444,20.5444,487
0.56,0.04,1.7041,0.2224,0.7,0.1,330.5981,22.5839,22.5839,488
0.56,0.04,1.7041,0.2224,0.9,0.1,316.9666,22.4628,22.4628,489
0.64,0.04,0.0625,0.0625,-0.9,0.1,908.8901,36.6012,36.6012,500
0.64,0.04,0.0625,0.0625,-0.7,0.1,749.7568,34.2462,34.2462,501
0.64,0.04,0.0625,0.0625,-0.5,0.1,617.1139,31.3897,31.3897,502
0.64,0.04,0.0625,0.0625,-0.3,0.1,485.0541,29.4569,29.4569,503
0.64,0.04,0.0625,0.0625,-0.1,0.1,539.3683,29.8434,29.8434,504
0.64,0.04,0.0625,0.0625,0.1,0.1,443.7926,27.5777,27.5777,505
0.64,0.04,0.0625,0.0625,0.3,0.1,502.1818,29.8839,29.8839,506
0.64,0.04,0.0625,0.0625,0.5,0.1,556.2543,31.3569,31.3569,507
0.64,0.04,0.0625,0.0625,0.7,0.1,628.3877,32.8847,32.8847,508
0.64,0.04,0.0625,0.0625,0.9,0.1,793.3214,34.9507,34.9507,509
0.64,0.04,0.1875,0.0625,-0.9,0.1,2476.1234,62.1889,62.1889,510
0.64,0.04,0.1875,0.0625,-0.7,0.1,1941.327,55.6841,55.6841,511
0.64,0.04,0.1875,0.0625,-0.5,0.1,1673.6955,52.1781,52.1781,512
0.64,0.04,0.1875,0.0625,-0.3,0.1,1374.7668,48.9013,48.9013,513
0.64,0.04,0.1875,0.0625,-0.1,0.1,1333.3233,49.0727,49.0727,514
0.64,0.04,0.1875,0.0625,0.1,0.1,1281.2382,48.0083,48.0083,515
0.64,0.04,0.1875,0.0625,0.3,0.1,1337.413,49.1506,49.1506,516
0.64,0.04,0.1875,0.0625,0.5,0.1,1688.1886,52.8261,52.8261,517
0.64,0.04,0.1875,0.0625,0.7,0.1,1828.6672,55.394,55.394,518
0.64,0.04,0.1875,0.0625,0.9,0.1,2411.3928,61.4677,61.4677,519
0.64,0.04,0.3125,0.0625,-0.9,0.1,3018.6393,68.5417,68.5417,520
0.64,0.04,0.3125,0.0625,-0.7,0.1,2367.7397,63.7812,63.7812,521
0.64,0.04,0.3125,0.0625,-0.5,0.1,2235.5633,61.2081,61.2081,522
0.64,0.04,0.3125,0.0625,-0.3,0.1,1741.1307,55.9586,55.9586,523
0.64,0.04,0.3125,0.0625,-0.1,0.1,1668.7786,54.4392,54.4392,524
0.64,0.04,0.3125,0.0625,0.1,0.1,1646.0866,54.5994,54.5994,525
0.64,0.04,0.3125,0.0625,0.3,0.1,1781.5476,55.601,55.601,526
0.64,0.04,0.3125,0.0625,0.5,0.1,2053.3338,59.2962,59.2962,527
0.64,0.04,0.3125,0.0625,0.7,0.1,2589.4005,64.3196,64.3196,528
0.64,0.04,0.3125,0.0625,0.9,0.1,3174.7146,70.6553,70.6553,529
0.64,0.04,0.4375,0.0625,-0.9,0.1,3440.1766,72.2474,72.2474,530
0.64,0.04,0.4375,0.0625,-0.7,0.1,2761.5172,65.9525,65.9525,531
0.64,0.04,0.4375,0.0625,-0.5,0.1,2299.9827,62.4166,62.4166,532
0.64,0.04,0.4375,0.0625,-0.3,0.1,1954.1385,58.2451,58.2451,533
0.64,0.04,0.4375,0.0625,-0.1,0.1,1697.6795,55.2033,55.2033,534
0.64,0.04,0.4375,0.0625,0.1,0.1,1718.3795,54.9837,54.9837,535
0.64,0.04,0.4375,0.0625,0.3,0.1,1754.4668,56.8636,56.8636,536
0.64,0.04,0.4375,0.0625,0.5,0.1,2077.9166,59.9334,59.9334,537
0.64,0.04,0.4375,0.0625,0.7,0.1,2688.7976,66.7809,66.7809,538
0.64,0.04,0.4375,0.0625,0.9,0.1,3276.5874,72.1383,72.1383,539
0.64,0.04,0.5806,0.0806,-0.9,0.1,3789.6217,75.8939,75.8939,540
0.64,0.04,0.5806,0.0806,-0.7,0.1,2839.7956,67.6911,67.6911,541
0.64,0.04,0.5806,0.0806,-0.5,0.1,2338.0008,62.7897,62.7897,542
0.64,0.04,0.5806,0.0806,-0.3,0.1,2129.3181,61.027,61.027,543
0.64,0.04,0.5806,0.0806,-0.1,0.1,1922.7736,57.5987,57.5987,544
0.64,0.04,0.5806,0.0806,0.1,0.1,1724.6525,57.0434,57.0434,545
0.64,0.04,0.5806,0.0806,0.3,0.1,2149.0852,60.5028,60.5028,546
0.64,0.04,0.5806,0.0806,0.5,0.1,2278.7176,62.1546,62.1546,547
0.64,0.04,0.5806,0.0806,0.7,0.1,2924.8501,68.7615,68.7615,548
0.64,0.04,0.5806,0.0806,0.9,0.1,3636.5394,75.5386,75.5386,549
0.64,0.04,0.765,0.1038,-0.9,0.1,3392.0899,71.2409,71.2409,550
0.64,0.04,0.765,0.1038,-0.7,0.1,2461.7695,62.6402,62.6402,551
0.64,0.04,0.765,0.1038,-0.5,0.1,2111.3205,59.1792,59.1792,552
0.64,0.04,0.765,0.1038,-0.3,0.1,1626.4421,53.1313,53.1313,553
0.64,0.04,0.765,0.1038,-0.1,0.1,1437.6711,51.804,51.804,554
0.64,0.04,0.765,0.1038,0.1,0.1,1636.4886,54.0979,54.0979,555
0.64,0.04,0.765,0.1038,0.3,0.1,1808.6091,56.1715,56.1715,556
0.64,0.04,0.765,0.1038,0.5,0.1,1904.5867,57.462,57.462,557
0.64,0.04,0.765,0.1038,0.7,0.1,2708.0855,64.3999,64.3999,558
0.64,0.04,0.765,0.1038,0.9,0.1,3040.5179,68.5701,68.5701,559
0.64,0.04,1.0027,0.1339,-0.9,0.1,1824.3063,52.0584,52.0584,560
0.64,0.04,1.0027,0.1339,-0.7,0.1,1169.1094,44.4693,44.4693,561
0.64,0.04,1.0027,0.1339,-0.5,0.1,962.1649,40.8501,40.8501,562
0.64,0.04,1.0027,0.1339,-0.3,0.1,874.5887,39.6297,39.6297,563
0.64,0.04,1.0027,0.1339,-0.1,0.1,893.3326,39.3362,39.3362,564
0.64,0.04,1.0027,0.1339,0.1,0.1,701.9423,37.3401,37.3401,565
0.64,0.04,1.0027,0.1339,0.3,0.1,861.8699,39.2449,39.2449,566
0.64,0.04,1.0027,0.1339,0.5,0.1,1147.5242,43.3674,43.3674,567
0.64,0.04,1.0027,0.1339,0.7,0.1,1338.0558,46.8292,46.8292,568
0.64,0.04,1.0027,0.1339,0.9,0.1,1653.6243,50.8048,50.8048,569
0.64,0.04,1.3092,0.1725,-0.9,0.1,619.0511,30.81,30.81,570
0.64,0.04,1.3092,0.1725,-0.7,0.1,469.6671,28.2305,28.2305,571
0.64,0.04,1.3092,0.1725,-0.5,0.1,453.8615,27.8905,27.8905,572
0.64,0.04,1.3092,0.1725,-0.3,0.1,352.1307,24.2806,24.2806,573
0.64,0.04,1.3092,0.1725,-0.1,0.1,363.2602,24.5917,24.5917,574
0.64,0.04,1.3092,0.1725,0.1,0.1,333.7857,25.1104,25.1104,575
0.64,0.04,1.3092,0.1725,0.3,0.1,390.7615,25.2304,25.2304,576
0.64,0.04,1.3092,0.1725,0.5,0.1,355.0716,25.2596,25.2596,577
0.64,0.04,1.3092,0.1725,0.7,0.1,464.1281,27.4458,27.4458,578
0.64,0.04,1.3092,0.1725,0.9,0.1,647.5253,31.2734,31.2734,579
0.64,0.04,1.7041,0.2224,-0.9,0.1,163.5467,15.9294,15.9294,580
0.64,0.04,1.7041,0.2224,-0.7,0.1,120.0209,14.5214,14.5214,581
0.64,0.04,1.7041,0.2224,-0.5,0.1,101.8718,12.3634,12.3634,582
0.64,0.04,1.7041,0.2224,-0.3,0.1,110.7418,13.4572,13.4572,583
0.64,0.04,1.7041,0.2224,-0.1,0.1,96.7033,13.0622,13.0622,584
0.64,0.04,1.7041,0.2224,0.1,0.1,77.3336,12.0708,12.0708,585
0.64,0.04,1.7041,0.2224,0.3,0.1,132.8386,15.1898,15.1898,586
0.64,0.04,1.7041,0.2224,0.5,0.1,112.2073,12.3577,12.3577,587
0.64,0.04,1.7041,0.2224,0.7,0.1,156.1131,16.6372,16.6372,588
0.64,0.04,1.7041,0.2224,0.9,0.1,158.2421,16.2532,16.2532,589
0.72,0.04,0.0625,0.0625,-0.9,0.1,483.4488,27.2313,27.2313,600
0.72,0.04,0.0625,0.0625,-0.7,0.1,435.6266,26.2443,26.2443,601
0.72,0.04,0.0625,0.0625,-0.5,0.1,326.2353,23.9954,23.9954,602
0.72,0.04,0.0625,0.0625,-0.3,0.1,264.8187,21.6643,21.6643,603
0.72,0.04,0.0625,0.0625,-0.1,0.1,302.7565,22.1974,22.1974,604
0.72,0.04,0.0625,0.0625,0.1,0.1,273.1223,21.5334,21.5334,605
0.72,0.04,0.0625,0.0625,0.3,0.1,262.7304,21.7992,21.7992,606
0.72,0.04,0.0625,0.0625,0.5,0.1,278.2988,21.9231,21.9231,607
0.72,0.04,0.0625,0.0625,0.7,0.1,408.463,25.5737,25.5737,608
0.72,0.04,0.0625,0.0625,0.9,0.1,538.5485,28.5827,28.5827,609
0.72,0.04,0.1875,0.0625,-0.9,0.1,1434.5136,47.1906,47.1906,610
0.72,0.04,0.1875,0.0625,-0.7,0.1,1072.4123,41.8263,41.8263,611
0.72,0.04,0.1875,0.0625,-0.5,0.1,872.9508,37.8326,37.8326,612
0.72,0.04,0.1875,0.0625,-0.3,0.1,682.9606,35.702,35.702,613
0.72,0.04,0.1875,0.0625,-0.1,0.1,658.7994,33.8085,33.8085,614
0.72,0.04,0.1875,0.0625,0.1,0.1,687.0136,34.8632,34.8632,615
0.72,0.04,0.1875,0.0625,0.3,0.1,686.3369,34.7563,34.7563,616
0.72,0.04,0.1875,0.0625,0.5,0.1,869.6458,38.1059,38.1059,617
0.72,0.04,0.1875,0.0625,0.7,0.1,982.0241,40.1643,40.1643,618
0.72,0.04,0.1875,0.0625,0.9,0.1,1502.8416,47.9005,47.9005,619
0.72,0.04,0.3125,0.0625,-0.9,0.1,1725.1232,51.0587,51.0587,620
0.72,0.04,0.3125,0.0625,-0.7,0.1,1403.3879,46.6153,46.6153,621
0.72,0.04,0.3125,0.0625,-0.5,0.1,1194.4527,44.2984,44.2984,622
0.72,0.04,0.3125,0.0625,-0.3,0.1,886.7541,40.358,40.358,623
0.72,0.04,0.3125,0.0625,-0.1,0.1,829.0454,38.9811,38.9811,624
0.72,0.04,0.3125,0.0625,0.1,0.1,873.6054,39.8965,39.8965,625
0.72,0.04,0.3125,0.0625,0.3,0.1,926.6615,40.6031,40.6031,626
0.72,0.04,0.3125,0.0625,0.5,0.1,1138.6297,43.4825,43.4825,627
0.72,0.04,0.3125,0.0625,0.7,0.1,1389.4805,47.1822,47.1822,628
0.72,0.04,0.3125,0.0625,0.9,0.1,2032.4568,54.3197,54.3197,629
0.72,0.04,0.4375,0.0625,-0.9,0.1,1890.6589,52.1236,52.1236,630
0.72,0.04,0.4375,0.0625,-0.7,0.1,1383.8942,47.5647,47.5647,631
0.72,0.04,0.4375,0.0625,-0.5,0.1,962.5119,41.0463,41.0463,632
0.72,0.04,0.4375,0.0625,-0.3,0.1,975.2502,40.4148,40.4148,633
0.72,0.04,0.4375,0.0625,-0.1,0.1,907.9281,40.1862,40.1862,634
0.72,0.04,0.4375,0.0625,0.1,0.1,729.585,37.464,37.464,635
0.72,0.04,0.4375,0.0625,0.3,0.1,976.736,42.2112,42.2112,636
0.72,0.04,0.4375,0.0625,0.5,0.1,1059.353,42.7381,42.7381,637
0.72,0.04,0.4375,0.0625,0.7,0.1,1265.5383,45.6426,45.6426,638
0.72,0.04,0.4375,0.0625,0.9,0.1,1823.0964,52.9487,52.9487,639
0.72,0.04,0.5806,0.0806,-0.9,0.1,1741.3641,52.1016,52.1016,640
0.72,0.04,0.5806,0.0806,-0.7,0.1,1543.3956,49.1361,49.1361,641
0.72,0.04,0.5806,0.0806,-0.5,0.1,1265.8504,44.9067,44.9067,642
0.72,0.04,0.5806,0.0806,-0.3,0.1,921.1626,41.1635,41.1635,643
0.72,0.04,0.5806,0.0806,-0.1,0.1,829.4699,38.7151,38.7151,644
0.72,0.04,0.5806,0.0806,0.1,0.1,853.4446,39.6322,39.6322,645
0.72,0.04,0.5806,0.0806,0.3,0.1,856.4862,39.8993,39.8993,646
0.72,0.04,0.5806,0.0806,0.5,0.1,1132.9689,43.4768,43.4768,647
0.72,0.04,0.5806,0.0806,0.7,0.1,1666.0354,50.8059,50.8059,648
0.72,0.04,0.5806,0.0806,0.9,0.1,2042.5161,54.6507,54.6507,649
0.72,0.04,0.765,0.1038,-0.9,0.1,1559.4331,48.1975,48.1975,650
0.72,0.04,0.765,0.1038,-0.7,0.1,1225.3029,44.1253,44.1253,651
0.72,0.04,0.765,0.1038,-0.5,0.1,931.7535,39.054,39.054,652
0.72,0.04,0.765,0.1038,-0.3,0.1,751.486,36.8183,36.8183,653
0.72,0.04,0.765,0.1038,-0.1,0.1,745.1234,35.882,35.882,654
0.72,0.04,0.765,0.1038,0.1,0.1,621.8305,34.2065,34.2065,655
0.72,0.04,0.765,0.1038,0.3,0.1,798.8119,37.3355,37.3355,656
0.72,0.04,0.765,0.1038,0.5,0.1,901.3244,39.168,39.168,657
0.72,0.04,0.765,0.1038,0.7,0.1,1257.9015,44.686,44.686,658
0.72,0.04,0.765,0.1038,0.9,0.1,1633.8408,49.1246,49.1246,659
0.72,0.04,1.0027,0.1339,-0.9,0.1,671.3064,32.8838,32.8838,660
0.72,0.04,1.0027,0.1339,-0.7,0.1,590.9616,30.5171,30.5171,661
0.72,0.04,1.0027,0.1339,-0.5,0.1,437.2711,27.749,27.749,662
0.72,0.04,1.0027,0.1339,-0.3,0.1,339.7746,25.0804,25.0804,663
0.72,0.04,1.0027,0.1339,-0.1,0.1,337.8516,25.8116,25.8116,664
0.72,0.04,1.0027,0.1339,0.1,0.1,395.6613,25.4737,25.4737,665
0.72,0.04,1.0027,0.1339,0.3,0.1,479.6248,27.9175,27.9175,666
0.72,0.04,1.0027,0.1339,0.5,0.1,407.7335,26.7272,26.7272,667
0.72,0.04,1.0027,0.1339,0.7,0.1,644.3028,32.515,32.515,668
0.72,0.04,1.0027,0.1339,0.9,0.1,754.9277,34.1466,34.1466,669
0.72,0.04,1.3092,0.1725,-0.9,0.1,288.0424,21.1685,21.1685,670
0.72,0.04,1.3092,0.1725,-0.7,0.1,241.4043,19.3886,19.3886,671
0.72,0.04,1.3092,0.1725,-0.5,0.1,176.2162,16.3974,16.3974,672
0.72,0.04,1.3092,0.1725,-0.3,0.1,189.5999,18.1409,18.1409,673
0.72,0.04,1.3092,0.1725,-0.1,0.1,167.4502,16.0957,16.0957,674
0.72,0.04,1.3092,0.1725,0.1,0.1,149.1243,16.8594,16.8594,675
0.72,0.04,1.3092,0.1725,0.3,0.1,156.2223,16.457,16.457,676
0.72,0.04,1.3092,0.1725,0.5,0.1,210.3169,17.9978,17.9978,677
0.72,0.04,1.3092,0.1725,0.7,0.1,173.8888,16.6245,16.6245,678
0.72,0.04,1.3092,0.1725,0.9,0.1,258.5509,20.3539,20.3539,679
0.8,0.04,0.0625,0.0625,-0.9,0.1,419.6189,24.9624,24.9624,700
0.8,0.04,0.0625,0.0625,-0.7,0.1,355.2559,23.7057,23.7057,701
0.8,0.04,0.0625,0.0625,-0.5,0.1,250.2291,19.9383,19.9383,702
0.8,0.04,0.0625,0.0625,-0.3,0.1,246.9583,19.5518,19.5518,703
0.8,0.04,0.0625,0.0625,-0.1,0.1,137.908,17.409,17.409,704
0.8,0.04,0.0625,0.0625,0.1,0.1,218.786,19.7128,19.7128,705
0.8,0.04,0.0625,0.0625,0.3,0.1,219.8441,18.6083,18.6083,706
0.8,0.04,0.0625,0.0625,0.5,0.1,259.8969,20.5466,20.5466,707
0.8,0.04,0.0625,0.0625,0.7,0.1,302.4716,22.1973,22.1973,708
0.8,0.04,0.0625,0.0625,0.9,0.1,497.9755,25.8001,25.8001,709
0.8,0.04,0.1875,0.0625,-0.9,0.1,847.972,35.7013,35.7013,710
0.8,0.04,0.1875,0.0625,-0.7,0.1,632.6069,32.3149,32.3149,711
0.8,0.04,0.1875,0.0625,-0.5,0.1,624.1052,31.9512,31.9512,712
0.8,0.04,0.1875,0.0625,-0.1,0.1,415.5028,27.2101,27.2101,714
0.8,0.04,0.1875,0.0625,0.1,0.1,408.0849,27.9539,27.9539,715
0.8,0.04,0.1875,0.0625,0.3,0.1,420.8149,27.0296,27.0296,716
0.8,0.04,0.1875,0.0625,0.5,0.1,558.097,30.5757,30.5757,717
0.8,0.04,0.1875,0.0625,0.7,0.1,709.5694,33.2664,33.2664,718
0.8,0.04,0.1875,0.0625,0.9,0.1,882.7018,36.6969,36.6969,719
0.8,0.04,0.3125,0.0625,-0.7,0.1,719.3079,33.9923,33.9923,721
0.8,0.04,0.3125,0.0625,-0.5,0.1,475.4081,29.6258,29.6258,722
0.8,0.04,0.3125,0.0625,-0.3,0.1,561.9775,30.1916,30.1916,723
0.8,0.04,0.3125,0.0625,-0.1,0.1,447.2126,28.4989,28.4989,724
0.8,0.04,0.3125,0.0625,0.1,0.1,518.949,30.1848,30.1848,725
0.8,0.04,0.3125,0.0625,0.3,0.1,475.2468,29.1554,29.1554,726
0.8,0.04,0.3125,0.0625,0.5,0.1,573.0145,32.0602,32.0602,727
0.8,0.04,0.3125,0.0625,0.7,0.1,712.4518,34.8635,34.8635,728
0.8,0.04,0.3125,0.0625,0.9,0.1,963.5891,38.2788,38.2788,729
0.8,0.04,0.4375,0.0625,-0.9,0.1,943.7181,37.2036,37.2036,730
0.8,0.04,0.4375,0.0625,-0.7,0.1,701.1685,33.2203,33.2203,731
0.8,0.04,0.4375,0.0625,-0.5,0.1,637.7768,31.5776,31.5776,732
0.8,0.04,0.4375,0.0625,-0.3,0.1,415.971,27.7437,27.7437,733
0.8,0.04,0.4375,0.0625,-0.1,0.1,415.9899,27.5088,27.5088,734
0.8,0.04,0.4375,0.0625,0.1,0.1,448.0113,28.0268,28.0268,735
0.8,0.04,0.4375,0.0625,0.3,0.1,472.3683,27.9201,27.9201,736
0.8,0.04,0.4375,0.0625,0.5,0.1,525.8296,29.6549,29.6549,737
0.8,0.04,0.4375,0.0625,0.7,0.1,749.3704,34.0949,34.0949,738
0.8,0.04,0.4375,0.0625,0.9,0.1,853.6035,35.6619,35.6619,739
0.8,0.04,0.5806,0.0806,-0.9,0.1,837.9142,35.5522,35.5522,740
0.8,0.04,0.5806,0.0806,-0.7,0.1,518.0757,30.247,30.247,741
0.8,0.04,0.5806,0.0806,-0.5,0.1,515.935,28.6835,28.6835,742
0.8,0.04,0.5806,0.0806,-0.3,0.1,420.5171,27.1874,27.1874,743
0.8,0.04,0.5806,0.0806,-0.1,0.1,402.4551,26.0416,26.0416,744
0.8,0.04,0.5806,0.0806,0.1,0.1,357.4277,25.4318,25.4318,745
0.8,0.04,0.5806,0.0806,0.3,0.1,370.4497,25.3151,25.3151,746
0.8,0.04,0.5806,0.0806,0.5,0.1,638.2677,30.9061,30.9061,747
0.8,0.04,0.5806,0.0806,0.7,0.1,522.1292,30.1859,30.1859,748
0.8,0.04,0.5806,0.0806,0.9,0.1,822.1634,35.1059,35.1059,749
0.8,0.04,0.765,0.1038,-0.9,0.1,446.391,27.0275,27.0275,750
0.8,0.04,0.765,0.1038,-0.7,0.1,445.3031,26.5271,26.5271,751
0.8,0.04,0.765,0.1038,-0.5,0.1,387.2796,25.8398,25.8398,752
0.8,0.04,0.765,0.1038,-0.3,0.1,320.1792,23.0402,23.0402,753
0.8,0.04,0.765,0.1038,-0.1,0.1,282.086,22.3641,22.3641,754
0.8,0.04,0.765,0.1038,0.1,0.1,292.6396,22.2235,22.2235,755
0.8,0.04,0.765,0.1038,0.3,0.1,241.9639,20.3575,20.3575,756
0.8,0.04,0.765,0.1038,0.5,0.1,319.2563,23.1245,23.1245,757
0.8,0.04,0.765,0.1038,0.7,0.1,395.2732,25.5943,25.5943,758
0.8,0.04,0.765,0.1038,0.9,0.1,600.5281,29.4892,29.4892,759
0.8,0.04,1.0027,0.1339,-0.9,0.1,288.5071,20.4134,20.4134,760
0.8,0.04,1.0027,0.1339,-0.7,0.1,191.1364,16.8852,16.8852,761
0.8,0.04,1.0027,0.1339,-0.5,0.1,195.7963,17.1626,17.1626,762
0.8,0.04,1.0027,0.1339,-0.3,0.1,132.7096,15.3921,15.3921,763
0.8,0.04,1.0027,0.1339,-0.1,0.1,156.2879,16.9804,16.9804,764
0.8,0.04,1.0027,0.1339,0.1,0.1,103.7673,13.9875,13.9875,765
0.8,0.04,1.0027,0.1339,0.3,0.1,128.4277,14.8737,14.8737,766
0.8,0.04,1.0027,0.1339,0.5,0.1,162.3072,16.4562,16.4562,767
0.8,0.04,1.0027,0.1339,0.7,0.1,162.3159,15.7678,15.7678,768
0.8,0.04,1.0027,0.1339,0.9,0.1,225.844,18.353,18.353,769
0.88,0.04,0.0625,0.0625,-0.9,0.1,385.3214,24.1729,24.1729,800
0.88,0.04,0.0625,0.0625,-0.7,0.1,277.8996,21.4998,21.4998,801
0.88,0.04,0.0625,0.0625,-0.5,0.1,269.8225,21.1191,21.1191,802
0.88,0.04,0.0625,0.0625,-0.3,0.1,275.5251,20.7365,20.7365,803
0.88,0.04,0.0625,0.0625,-0.1,0.1,233.1032,19.4962,19.4962,804
0.88,0.04,0.0625,0.0625,0.1,0.1,253.8565,19.8098,19.8098,805
0.88,0.04,0.0625,0.0625,0.3,0.1,251.963,19.982,19.982,806
0.88,0.04,0.0625,0.0625,0.5,0.1,288.685,20.3295,20.3295,807
0.88,0.04,0.0625,0.0625,0.7,0.1,337.5153,23.2144,23.2144,808
0.88,0.04,0.0625,0.0625,0.9,0.1,323.0054,22.5721,22.5721,809
0.88,0.04,0.1875,0.0625,-0.9,0.1,519.5829,27.1737,27.1737,810
0.88,0.04,0.1875,0.0625,-0.7,0.1,436.0938,26.0583,26.0583,811
0.88,0.04,0.1875,0.0625,-0.5,0.1,334.0443,23.367,23.367,812
0.88,0.04,0.1875,0.0625,-0.3,0.1,325.6799,23.1407,23.1407,813
0.88,0.04,0.1875,0.0625,-0.1,0.1,288.2083,22.1812,22.1812,814
0.88,0.04,0.1875,0.0625,0.1,0.1,287.0675,21.847,21.847,815
0.88,0.04,0.1875,0.0625,0.5,0.1,403.7971,24.4464,24.4464,817
0.88,0.04,0.1875,0.0625,0.9,0.1,580.8698,28.266,28.266,819
0.88,0.04,0.3125,0.0625,-0.9,0.1,397.981,24.8407,24.8407,820
0.88,0.04,0.3125,0.0625,-0.7,0.1,311.6756,22.5967,22.5967,821
0.88,0.04,0.3125,0.0625,-0.5,0.1,314.6154,21.9207,21.9207,822
0.88,0.04,0.3125,0.0625,-0.3,0.1,241.6708,19.6887,19.6887,823
0.88,0.04,0.3125,0.0625,-0.1,0.1,274.318,20.705,20.705,824
0.88,0.04,0.3125,0.0625,0.1,0.1,265.3016,20.4793,20.4793,825
0.88,0.04,0.3125,0.0625,0.3,0.1,233.3197,18.9336,18.9336,826
0.88,0.04,0.3125,0.0625,0.5,0.1,321.7236,22.4958,22.4958,827
0.88,0.04,0.3125,0.0625,0.7,0.1,263.941,20.7526,20.7526,828
0.88,0.04,0.3125,0.0625,0.9,0.1,419.2065,23.4412,23.4412,829
0.88,0.04,0.4375,0.0625,-0.9,0.1,226.114,19.7841,19.7841,830
0.88,0.04,0.4375,0.0625,-0.7,0.1,185.1858,17.2567,17.2567,831
0.88,0.04,0.4375,0.0625,-0.5,0.1,171.1222,16.061,16.061,832
0.88,0.04,0.4375,0.0625,-0.3,0.1,158.3253,15.3025,15.3025,833
0.88,0.04,0.4375,0.0625,-0.1,0.1,147.561,14.8175,14.8175,834
0.88,0.04,0.4375,0.0625,0.1,0.1,149.1001,15.4636,15.4636,835
0.88,0.04,0.4375,0.0625,0.3,0.1,126.0641,14.8012,14.8012,836
0.88,0.04,0.4375,0.0625,0.5,0.1,178.1612,17.0643,17.0643,837
0.88,0.04,0.4375,0.0625,0.7,0.1,172.6962,16.8629,16.8629,838
0.88,0.04,0.4375,0.0625,0.9,0.1,271.5806,18.893,18.893,839
0.88,0.04,0.5806,0.0806,-0.9,0.1,176.7171,16.1345,16.1345,840
0.88,0.04,0.5806,0.0806,-0.7,0.1,127.9225,13.8628,13.8628,841
0.88,0.04,0.5806,0.0806,-0.5,0.1,127.3956,13.1665,13.1665,842
0.88,0.04,0.5806,0.0806,-0.3,0.1,93.6191,11.9276,11.9276,843
0.88,0.04,0.5806,0.0806,-0.1,0.1,97.2995,12.6022,12.6022,844
0.88,0.04,0.5806,0.0806,0.1,0.1,75.3873,11.8958,11.8958,845
0.88,0.04,0.5806,0.0806,0.3,0.1,108.5549,12.7381,12.7381,846
0.88,0.04,0.5806,0.0806,0.5,0.1,145.6485,14.2623,14.2623,847
0.88,0.04,0.5806,0.0806,0.7,0.1,92.1058,13.3566,13.3566,848
0.88,0.04,0.5806,0.0806,0.9,0.1,175.2011,15.7782,15.7782,849
0.96,0.04,0.0625,0.0625,-0.9,0.1,154.082,15.3891,15.3891,900
0.96,0.04,0.0625,0.0625,-0.7,0.1,132.2619,14.0883,14.0883,901
0.96,0.04,0.0625,0.0625,-0.5,0.1,132.2881,13.7639,13.7639,902
0.96,0.04,0.0625,0.0625,-0.3,0.1,155.9458,14.423,14.423,903
0.96,0.04,0.0625,0.0625,-0.1,0.1,118.6667,13.7518,13.7518,904
0.96,0.04,0.0625,0.0625,0.1,0.1,162.6658,14.9083,14.9083,905
0.96,0.04,0.0625,0.0625,0.3,0.1,138.8242,14.5509,14.5509,906
0.96,0.04,0.0625,0.0625,0.5,0.1,118.656,13.8075,13.8075,907
0.96,0.04,0.0625,0.0625,0.7,0.1,122.29,14.9382,14.9382,908
0.96,0.04,0.0625,0.0625,0.9,0.1,174.1107,16.6028,16.6028,909
